Anal cancer,Hepato-biliary cancers,Bladder cancer,Bone cancers,Brain/CNS cancer,Breast cancer,Cervical cancer,Colorectal cancer,Endometrial cancer,Esophageal cancer,Head and neck cancer,Lung Cancer,Mediastinal tumors,Melanoma,Mesothelioma,Neuroendocrine tumors,Occult primary cancer,Oncohematologic malignancies,Ovarian cancer,Pancreatic cancer,Parathyroid cancer,Penile cancer,Prostate cancer,Kidney cancer,Sarcoma/Soft tissue tumors,Skin cancer,Small bowel cancer,Stomach (gastric) cancer,Testicular cancer,Thyroid cancer,Vaginal cancer,Vulvar cancer,Various cancers (articles with multiple nosologies or pancancer-design)
anal carcinoma,ampullary adenocarcinomas,malignancy in bladder,bone cancer,Central Nervous System Cancer,breast magnetic resonance imaging,cervical carcinoma,anorectal cancer,uterine neoplasms,esophageal cancers,head and neck cancers,non-small cell lung cancer,thymomas,mc1r,pleural mesothelioma,adrenal tumors,occult primary,leukemia,fallopian tube cancer,pancreatic carcinoma,hyperparathyroidism,penile cancers,prostate carcinoma,renal cancer,soft tissue sarcoma,basal cell skin cancer,small bowel adenocarcinoma,stomach cancer,testicular cancers,american thyroid association,vaginal cancers,vulvar cancers,multiple cancers
anal cancer,ampullary adenocarcinoma,urothelial cell carcinoma,primary bone tumor,brain cancer,breast impc,cervical carcinomas,anorectal cancers,uterine neoplasm,esophagogastric junction cancers,head and neck carcinoma,small cell lung cancer,thymoma,dermoscopy,mesotheliomas,neuroendocrine tumor,occult primary cancer,burkitt lymphoma,primary peritoneal cancer,pancreatic adenocarcinoma,parathyroid cancers,penile squamous cell carcinoma,tmprss2-erg,renal cell carcinoma,soft tissue sarcomas,squamous cell skin cancer,small bowel cancers,gastroesophageal cancer,testicular tumor,neoplasms of the thyroid gland,vaginal tumor,vulvar squamous cell carcinoma,nanomask
anal carcinomas,biliary tract cancers,cancer of the bladder,pelvic and sacral tumors,posterior fossa tumors,breast pathological images,cervical adenocarcinoma,anorectal tumor,endometrioid,esophagogastric junction cancer,neck tumor,thoracic cancer,thymic carcinomas,dermatoscopy,malignant mesothelioma,adrenal tumor,unknown primary,burkitt lymphomas,ovarian-cancer,pancreatic neuroendocrine neoplasms,parathyroid carcinoma,penile intraepithelial neoplasia,prostate cancers,chronic kidney disease,dermatofibrosarcoma protuberans,keratoacanthoma,small intestine cancer,gastroesophageal adenocarcinoma,testicular tumors,thyroid fine-needle aspiration,vaginal squamous cell carcinoma,vulvar intraepithelial neoplasia,cancer phenotypes
anal cancers,gallbladder cancer,bladder-cancer,malignant bone tumor,whole-brain,breast invasive micropapillary carcinoma,cervical adenocarcinomas,anorectal tumors,endometrial cancers,esophageal tumor,oral squamous cell carcinoma,lung papillary adenocarcinoma,thymic carcinoma,cutaneous melanoma,malignant mesotheliomas,pnet,occult primary cancer,hematologic neoplasms,ca125,autoimmune pancreatitis,parathyroid carcinomas,penile tumor,prostate tumor,renal malignant tumor,kaposi sarcoma,skin tissue,small intestine cancers,gastrointestinal tumor,testicular carcinoma,thyroid cytopathology,vaginal intraepithelial neoplasia,vulvar malignancy,submucosal tumors
anal tumor,hepatocellular carcinoma,bladder cancers,pagets disease of bone,brain on mri,mastectomy,cervical malignancy,anorectal neoplasm,endometrial tumor,oesophageal squamous cell carcinoma,tumors of both jaws,ros1,mediastinal cancer,malignant melanoma,pleural mesotheliomas,neuroendocrine neoplasm,occult primary malignancy,sternal puncture,pax8,pancreatic duct carcinoma,parathyroid adenocarcinoma,penile tumors,prostate tumors,kidney renal clear cel,gastrointestinal stromal tumors,skin cancers,cancer of the small intestine,gastroesophageal junction,testicular carcinomas,thyroid tumor,vaginal malignancy,vulvar tumor,brain metastasis
anal tumors,biliary tract cancer,bladder tumor,giant cell tumor of bone,encephalon cancers,breast specimen,cervical malignancies,anorectal neoplasms,endometrial tumors,oesophagectomy,laryngopharyngeal cancer,thoracic cancers,mediastinal neoplasm,skin melanoma,peritoneal mesothelioma,neuroendocrine neoplasms,occult primary neoplasm,cd3,ovarian cancers,pancreatic serous cystic neoplasms,parathyroid adenocarcinomas,penile neoplasm,prostate neoplasm,renal clear cell carcinoma,sarcoma,skin tumor,cancers of the small intestine,gastric or gastroesophageal junction cancer,testicular adenocarcinoma,thyroid tumors,vaginal tumors,vulvar tumors,brain metastases
anal neoplasm,gallbladder cancers,bladder tumors,chordoma,encephalon cancer,breast mr images,cervical cancers,colorectal neoplasm,endometrial neoplasm,oesophageal cancer,oropharyngeal squamous cell carcinoma,lung cavity,mediastinal neoplasms,metastatic melanoma,peritoneal mesotheliomas,neuroendocrine carcinoma,occult primary carcinoma,cd20,ovarian tumor,pancreatic cystic neoplasms,parathyroidectomy,penile neoplasms,prostate neoplasms,kidney tumour,desmoid tumors,hand tumors,small bowel adenocarcinomas,gastric cardiac cancer,testicular adenocarcinomas,thyroid carcinoma,vaginal neoplasm,vulvar neoplasm,intronic long noncoding rna
anal neoplasms,hepatocellular carcinomas,bladder neoplasm,adamantinoma,encephalon malignancy,breast mris,cervical tumor,rectal swabs,endometrial neoplasms,esophageal and esophagogastric junction adenocarcinomas,opscc,lung cancers,mediastinal tumor,melanocytic nevus,pericardial mesothelioma,neuroendocrine carcinomas,occult primary adenocarcinoma,bcl2,ovarian tumors,scn and mcn,parathyroid neoplasm,penile malignancy,prostatic adenocarcinoma,nephroblastoma,desmoid tumor,skin tumors,small intestine adenocarcinoma,gastric-cancer,testicular malignancy,thyroid carcinomas,vaginal carcinoma,vulvar neoplasms,multiple types of early-stage cancer
squamous cell carcinoma of the anus,liver cancer,bladder neoplasms,chondroma,encephalon malignancies,lumpectomy,cervical tumors,colorectal tumor,uterine cancer,adenocarcinoma of the esophagogastric junction,jaws,lung tumor,mediastinal carcinoma,kit mutation,pericardial mesotheliomas,malignant neuroendocrine tumor,occult cancer,bcl6,ovarian neoplasm,pancreatic mucinous and serous cystic neoplasms,parathyroid neoplasms,penile malignancies,gleason score,kidney diseases,desmin,skin neoplasm,small intestine adenocarcinomas,gastrin,testicular malignancies,thyroid adenocarcinoma,vaginal carcinomas,vulvar malignancies,the cancer genome atlas
anal squamous cell carcinoma,liver cancers,urothelial carcinoma,enchondroma,encephalon neoplasm,breast lumpectomy,cervical neoplasm,rectal carcinoma,uterine cancers,barretts neoplasia,dental cyst,lung tumors,mediastinal carcinomas,superficial spreading melanoma,tunica vaginalis mesothelioma,malignant neuroendocrine tumors,occult cancers,cd138,ovarian neoplasms,pancreatobiliary-type,parathyroid tumor,penile carcinoma,androgen-dependent prostate cancer,kidney segmentation,mesenchymal neoplasms,cutaneous squamous cell carcinoma,adenocarcinoma of the small intestine,gastric neoplasms,testicular neoplasm,thyroid adenocarcinomas,vaginal adenocarcinoma,vulvar carcinoma,multiple sites of origin
perianal cancer,liver carcinoma,non-muscle invasive bladder cancer,vertebral tumor,encephalon neoplasms,breast lymph nodes,cervical neoplasms,colorectal neoplastic,uterine tumor,barretts esophagus,teeth,lung neoplasm,mediastinal adenocarcinoma,nodular melanoma,tunica vaginalis mesotheliomas,carcinoid tumor,occult malignancy,syndecan-1,ovarian epithelial carcinoma,pancreatic scns,parathyroid tumors,penile carcinomas,benign prostatic hyperplasia,renal carcinoma,smarcb1,skin neoplasms,adenocarcinomas of the small intestine,stomach cancers,testicular neoplasms,thyroid malignancy,vaginal adenocarcinomas,vulvar carcinomas,bone metastatic cancer
perianal cancers,liver carcinomas,muscle-invasive bladder cancer,bone carcinoma,encephalon carcinoma,breast carcinoma,hela,colorectal datasets,uterine tumors,esophageal adenocarcinoma,laryngeal squamous cell carcinoma,lung neoplasms,mediastinal adenocarcinomas,acral lentiginous melanoma,epithelioid mesothelioma,carcinoid tumors,occult malignancies,cd38,ovarian clear cell carcinoma,pancreatic-cancer,parathyroid malignancy,penile adenocarcinoma,abiraterone,renal carcinomas,acta2,basal cell carcinoma,small bowel carcinoma,gastric cancer,germ cell tumors,thyroid malignancies,vaginal malignancies,vulvar adenocarcinoma,cancer driver genes
perianal tumor,liver adenocarcinoma,squamous cell carcinoma of the bladder,bone carcinomas,encephalon carcinomas,invasive ductal carcinoma,hpv,colorectal epithelial cells,endometrial carcinoma,esophageal squamous cell carcinoma,neck tumors,non-small cell lung cancers,mediastinal malignancy,lentigo maligna melanoma,epithelioid mesotheliomas,gastric carcinoid,occult tumor,myeloperoxidase,ovarian serous carcinoma,pancreaticoduodenectomy,parathyroid malignancies,penile adenocarcinomas,enzalutamide,renal adenocarcinoma,myod1,skin carcinoma,small bowel carcinomas,gastric cancers,seminoma,ret,vaginal neoplasms,vulvar adenocarcinomas,tumor suppressor genes
perianal tumors,hepatic carcinoma,bladder adenocarcinoma,bone adenocarcinoma,encephalon adenocarcinoma,breast carcinomas,pap-smear,rectal adenocarcinoma,endometrial carcinomas,esophagectomy,head and neck,small cell lung cancers,mediastinal malignancies,amelanotic melanoma,sarcomatoid mesothelioma,gastric carcinoids,occult tumors,fms like tyrosine kinase 3,serous ovarian carcinoma,glucagon,parathyroid neoplasia,cancer of the penis,prostate carcinomas,renal adenocarcinomas,myogenin,skin carcinomas,small intestinal carcinoma,stomach tumor,non-seminoma,ret/ptc,cancer of the vagina,cancer of the vulva,different cancers
perianal neoplasm,boundary of tumor and liver,transitional cell carcinoma,bone adenocarcinomas,encephalon adenocarcinomas,breast adenocarcinoma,cervical intraepithelial neoplasia,colorectal liver metastases,uterine carcinoma,gerd,head and neck tumor,bronchoalveolar carcinoma,thymic epithelial tumorstets,melanoma in situ,sarcomatoid mesotheliomas,pulmonary carcinoid,unknown primary,nucleophosmin,endometrioid ovarian carcinoma,men1,parathyroid neoplasias,cancers of the penis,prostate adenocarcinoma,renal malignancy,pax3-foxo1,skin adenocarcinoma,small intestinal carcinomas,stomach tumors,orchiectomy,thyroid nodules,cancers of the vagina,cancers of the vulva,lung and colon
perianal neoplasms,hepatic carcinomas,hematuria,bone malignancy,tumor of the encephalon,breast adenocarcinomas,cancer of the cervix,colorectal neoplasia,uterine carcinomas,gastroesophageal reflux disease,head and neck tumors,lung biopsy,neurilemoma,clark level,biphasic mesothelioma,pulmonary carcinoids,unknown primaries,ccaat/enhancer binding protein alpha,clear cell ovarian carcinoma,pancreatic ductal adenocarcinoma,cancer of the parathyroid,carcinoma of the penis,prostate adenocarcinomas,renal malignancies,pax7-foxo1,skin adenocarcinomas,carcinoma of the small intestine,gastric tumor,alpha-fetoprotein,medullary thyroid carcinoma,malignancy of the vagina,malignancy of the vulva,major types of cancers
perianal carcinoma,hepatic adenocarcinoma,bacillus calmette-guerin,bone malignancies,brain tissue,breast malignancy,cancers of the cervix,colorectal carcinoma,endometrial adenocarcinoma,esophageal carcinoma,head and neck neoplasm,pulmonary nodules,germ cell tumor,breslow depth,biphasic mesotheliomas,intestinal carcinoid,unknown primary cancer,hematologic malignancy,ovarian carcinoma,pdac,tumor of the parathyroid,carcinomas of the penis,prostate malignancy,uroplakin,smooth muscle actin,skin malignancy,duodenal adenocarcinoma,gastric tumors,afp,papillary thyroid carcinoma,malignancies of the vagina,malignancies of the vulva,types of cancers
perianal carcinomas,hepatic adenocarcinomas,bcg therapy,spinal bone tumor,tumors of the encephalon,breast malignancies,carcinoma of the cervix,colorectal carcinomas,endometrial adenocarcinomas,esophageal carcinomas,head and neck neoplasms,bronchoscopy,anterior mediastinal mass,sentinel lymph node biopsy,pleurectomy,intestinal carcinoids,unknown primary cancers,hematologic malignancies,ovarian carcinomas,pancreatic cancers,carcinoma of the parathyroid,tumor of the penis,prostate malignancies,clear cell renal cell carcinoma,h-caldesmon,skin malignancies,duodenal adenocarcinomas,stomach neoplasm,beta-hcg,follicular thyroid carcinoma,tumor of the vagina,carcinoma of the vulva,various diseases
anal margin carcinoma,hepatic malignancy,turbt,coccygeal tumor,cancer of the encephalon,tnbc,tumor of the cervix,msi-h,endometrial malignancy,esophageal adenocarcinomas,laryngeal cancer,videobronchoscopy,mediastinal mass,immunotherapy for melanoma,pleurectomies,gastroenteropancreatic neuroendocrine tumor,unknown primary malignancy,mpo,ovarian adenocarcinoma,pancreatic tumor,adenocarcinoma of the parathyroid,tumors of the penis,apalutamide,malignant renal neoplasms,sarcomas,cutaneous cancer,carcinoma of the duodenum,stomach carcinoma,testicular mass,follicular thyroid adenoma,tumors of the vagina,carcinomas of the vulva,subclonal selection
anal margin cancer,hepatic malignancies,nmibc,pelvic bone tumor,cancers of the encephalon,triple-negative breast cancer,tumors of the cervix,colorectal adenocarcinoma,endometrial malignancies,esophageal malignancy,laryngeal cancers,lung squamous cell carcinoma,thymic mass,targeted therapy for melanoma,decortication,gastroenteropancreatic neuroendocrine tumors,unknown primary malignancies,flt3,ovarian adenocarcinomas,pancreatic carcinomas,neoplasia of the parathyroid,neoplasm of the penis,castration-resistant,renal neoplasm,osteosarcoma,cutaneous cancers,duodenal carcinoma,stomach carcinomas,cancer of the testis,anaplastic thyroid carcinoma,neoplasm of the vagina,tumor of the vulva,genotype matrix
anal margin carcinomas,liver adenocarcinomas,n-mibc,iliac bone tumor,malignancy of the encephalon,invasive breast carcinoma,high-grade squamous intraepithelial lesion,colorectal adenocarcinomas,uterine adenocarcinoma,esophageal malignancies,head-and-neck cancer,large cell lung carcinoma,thymic hyperplasia,melanoma staging,extrapleural pneumonectomy,gep-net,unknown primary tumor,npm1,ovarian malignancy,pancreatic adenocarcinomas,neoplasias of the parathyroid,neoplasms of the penis,psa,cystic renal lesions,osteosarcomas,cancer of the skin,duodenal carcinomas,stomach adenocarcinoma,cancers of the testis,thyroidectomy,neoplasms of the vagina,tumors of the vulva,tumor phylogeny
anal margin neoplasm/neoplasms,liver malignancy,m-ibc,ischial bone tumor,malignancies of the encephalon,ductal carcinoma in situ,hsil,colorectal malignancy,uterine adenocarcinomas,oesophageal cancers,laryngeal tumor,lung carcinoma,malignant thymoma,abcde criteria,pleurodesis,gep-nets,unknown primary tumors,cebpa,ovarian malignancies,pancreatic malignancy,cancers of the parathyroid,malignancy of the penis,prostate biopsy,ccrcc,ewing sarcoma,cancers of the skin,jejunal adenocarcinoma,stomach adenocarcinomas,testis cancer,tsh,vaginal squamous cell carcinomas,neoplasm of the vulva,variant allele frequencies
anal adenocarcinoma,liver malignancies,mibccystoscopy,pubic bone tumor,neoplasm of the encephalon,breast ductal carcinoma in situ,low-grade squamous intraepithelial lesion,colon carcinoma,endometrioid cancer,cancer of the esophagus,laryngeal tumors,lung carcinomas,thymic neuroendocrine tumor,melanomas,calretinin,pancreatic neuroendocrine tumor,unknown primary neoplasm,cyclic adp ribose hydrolase,mucinous ovarian carcinoma,pancreatic malignancies,carcinomas of the parathyroid,malignancies of the penis,cancer of the prostate,fuhrman grading system,ewing sarcomas,cutaneous carcinoma,jejunal adenocarcinomas,stomach malignancy,testis cancers,thyroid-stimulating hormone,squamous cell carcinoma of the vagina,neoplasms of the vulva,methylation data
adenocarcinoma of the anus,liver tumor,cancers of the bladder,scapular tumor,neoplasms of the encephalon,invasive lobular carcinoma,lsil,colon carcinomas,endometrioid cancers,cancers of the esophagus,laryngeal neoplasm,lung adenocarcinoma,invasive thymoma,in situ melanoma,wt1,pancreatic neuroendocrine tumors,unknown primary neoplasms,bone marrow transplant,fallopian tube,pancreatic tumors,adenocarcinomas of the parathyroid,squamous cell carcinoma of the penis,cancers of the prostate,renal cancers,leiomyosarcoma,cutaneous carcinomas,carcinoma of the jejunum,stomach malignancies,testicular masses,radioiodine therapy,squamous cell carcinomas of the vagina,vulvar squamous cell carcinomas,cancer origin determination
adenocarcinomas of the anus,liver tumors,malignancy of the bladder,clavicular tumor,carcinoma of the encephalon,breast ultrasound,cervical dysplasia,colon adenocarcinoma,endometrioid tumor,cancer of the oesophagus,laryngeal neoplasms,lung adenocarcinomas,thymic cyst,metastatic melanomas,cytokeratin 5/6,insulinoma,unknown primary carcinoma,bone marrow transplantation,low-grade serous ovarian carcinoma,pancreatic neoplasm,tumors of the parathyroid,penile squamous cell carcinomas,carcinoma of the prostate,renal tumor,leiomyosarcomas,malignancy of the skin,jejunal carcinoma,gastric carcinoma,tumor of the testis,thyroid cancers,adenocarcinoma of the vagina,squamous cell carcinoma of the vulva,cell lines
cloacogenic carcinoma,liver neoplasm,malignancies of the bladder,sternal tumor,carcinomas of the encephalon,mammograms,squamous cell carcinoma of the cervix,colon adenocarcinomas,endometrioid tumors,cancers of the oesophagus,pharyngeal cancer,lung malignancy,germ cell tumor of the mediastinum,superficial spreading melanomas,d2-40,insulinomas,unknown primary carcinomas,dlbcl,granulosa cell tumor,pancreatic neoplasms,neoplasm of the parathyroid,squamous cell carcinomas of the penis,carcinomas of the prostate,renal tumors,liposarcoma,malignancies of the skin,jejunal carcinomas,gastric carcinomas,tumors of the testis,cancer of the thyroid,adenocarcinomas of the vagina,squamous cell carcinomas of the vulva,cell line
cloacogenic carcinoma of the anus,liver neoplasms,bladder carcinoma,rib bone tumor,neoplastic hemorrhage,breast masses,cervical squamous cell carcinoma,colon malignancy,endometrioid neoplasm,oesophageal carcinoma,pharyngeal cancers,lung malignancies,teratoma of the mediastinum,nodular melanomas,d240,gastrinoma,carcinoma of unknown primary,myelodysplastic syndrome,dysgerminoma,mucinous cystic neoplasm of the pancreas,neoplasms of the parathyroid,verrucous carcinoma of the penis,tumor of the prostate,renal neoplasms,liposarcomas,basal cell carcinomas,ileal adenocarcinoma,gastric adenocarcinoma,neoplasm of the testis,cancers of the thyroid,clear cell adenocarcinoma of the vagina,adenocarcinoma of the vulva,circulating tumor cells
anal canal carcinoma,hepatic adenoma,bladder carcinomas,humeral bone tumor,neoplastic and non-neoplastic intracerebral hemorrhage,breast tumor,adenocarcinoma of the cervix,colon malignancies,endometrioid neoplasms,oesophageal carcinomas,pharyngeal tumor,pulmonary carcinoma,mediastinal teratoma,acral lentiginous melanomas,mesothelin,gastrinomas,carcinomas of unknown primary,myeloproliferative diseases,ovarian germ cell tumor,intraductal papillary mucinous neoplasm,primary hyperparathyroidism,verrucous carcinomas of the penis,tumors of the prostate,kidney cancers,rhabdomyosarcoma,basal cell skin cancers,ileal adenocarcinomas,gastric adenocarcinomas,neoplasms of the testis,thyroid neoplasm,clear cell adenocarcinomas of the vagina,adenocarcinomas of the vulva,circulating tumor cell
anal canal cancer,fibrolamellar carcinoma,urothelial carcinomas,femoral bone tumor,encephalon tumors,breast tumors,adenocarcinomas of the cervix,colorectal malignancies,serous endometrial cancer,carcinoma of the esophagus,pharyngeal tumors,pulmonary carcinomas,mediastinal seminoma,lentigo maligna melanomas,mesothelioma,vipoma,cancer of unknown primary,myeloproliferative disease,figo,solid pseudopapillary neoplasm of the pancreas,secondary hyperparathyroidism,adenocarcinoma of the penis,neoplasm of the prostate,kidney tumor,rhabdomyosarcomas,superficial basal cell carcinoma,carcinoma of the ileum,gastric malignancy,germ cell tumor of the testis,thyroid neoplasms,mucinous adenocarcinoma of the vagina,vulvar melanoma,several subtypes
anal canal carcinomas,hepatic hemangioma,transitional cell carcinomas,tibial bone tumor,encephalon tumor,mcf-7,adeno­scuamous carcinoma of the cervix,microsatellite instability,serous endometrial cancers,carcinomas of the esophagus,pharyngeal neoplasm,pulmonary adenocarcinoma,neurogenic tumor of the mediastinum,amelanotic melanomas,,vipomas,cancers of unknown primary,myelodysplastic syndromes,adnexal masses,pancreatic neuroendocrine tumors,parathyroid hyperplasia,adenocarcinomas of the penis,neoplasms of the prostate,kidney tumors,gastrointestinal stromal tumor,nodular basal cell carcinoma,ileal carcinoma,gastric malignancies,germ cell tumors of the testis,neoplasm of the thyroid gland,mucinous adenocarcinomas of the vagina,vulvar melanomas,cancer spheroids
anal canal neoplasms,cholangiocarcinoma,adenocarcinoma of the bladder,fibrous dysplasia of bone,electroencephalography,breast neoplasm,glass­y cell carcinoma of the cervix,msi,serous endometrial tumor,esophageal tumors,pharyngeal neoplasms,pulmonary adenocarcinomas,mediastinal masses,mucosal melanoma,,somatostatinoma,unknown primary adenocarcinoma,lymphomas,fallopian tube cancers,pancreatic neuroendocrine tumor,atypical parathyroid adenoma,penile intraepithelial neoplasias,malignancy of the prostate,kidney neoplasm,gist,morpheaform basal cell carcinoma,ileal carcinomas,stomach neoplasms,testicular germ cell tumor,carcinoma of the thyroid,vaginal melanoma,malignant melanoma of the vulva,cancer cell model
anal canal neoplasm,intrahepatic cholangiocarcinoma,mibc,osteoblastoma,retinoblastoma,breast neoplasms,pap smear,colorectal cancers,serous endometrial tumors,oesophageal tumor,oropharyngeal cancer,pulmonary malignancy,middle mediastinal mass,mucosal melanomas,,somatostatinomas,unknown primary adenocarcinomas,hematological malignancies,primary peritoneal cancers,pancreas cancer,atypical parathyroid adenomas,pein,malignancies of the prostate,kidney neoplasms,gists,squamous cell carcinoma of the skin,small bowel tumor,linitis plastica,testicular germ cell tumors,carcinomas of the thyroid,vaginal melanomas,malignant melanomas of the vulva,multi-cancer
,hcc,bladder cancer,osteoma,central nervous system,abus,papanicolaou smear,colon cancer,serous endometrial neoplasm,oesophageal tumors,oropharyngeal cancers,pulmonary malignancies,posterior mediastinal mass,familial atypical multiple mole melanoma,,pheochromocytoma,occult carcinoma,blood cancer,cancer of the ovary,pancreas tumor,parathyroidectomies,carcinoma in situ of the penis,prostatic adenocarcinomas,papillary renal cell carcinoma,epithelioid sarcoma,squamous cell carcinomas of the skin,small bowel tumors,signet ring cell carcinoma,seminomas,papillary thyroid carcinomas,malignant melanoma of the vagina,embryonal rhabdomyosarcoma of the vulva,ras/mek/erk
,cirrhosis,,malignant bone tumors,cns,mammography,pap test,colon cancers,serous endometrial neoplasms,esophageal neoplasm,oropharyngeal tumor,nsclc,malignant thymomas,fammm,,pheochromocytomas,occult carcinomas,blood cancers,cancers of the ovary,pancreas cancers,partial parathyroidectomy,bowen disease of the penis,adenocarcinoma of the prostate,chromophobe renal cell carcinoma,epithelioid sarcomas,cutaneous squamous cell carcinomas,small intestinal tumor,mucosa-associated lymphoid tissue lymphoma,classical seminoma,"carcinoma, papillary thyroid",malignant melanomas of the vagina,embryonal rhabdomyosarcomas of the vulva,ck7
,hepatitis b,,primary bone tumors,brain image,mammogram,liquid-based cytology,rectal cancer,cancer of the endometrium,esophageal neoplasms,oropharyngeal tumors,sclc,invasive thymomas,cdkn2a mutation,,paraganglioma,occult adenocarcinoma,myeloid neoplasm,neoplasm of the ovary,pancreas tumors,subtotal parathyroidectomy,erythroplasia of queyrat,adenocarcinomas of the prostate,renal oncocytoma,epithelioid sarcoma of soft tissue,cscc,small intestinal tumors,gastric neuroendocrine tumor,spermatocytic seminoma,follicular thyroid carcinomas,embryonal rhabdomyosarcoma of the vagina,extramammary paget disease,ck18
,afp,,primary malignant bone tumor,brain images,bi-rads,colposcopy,rectal cancers,cancers of the endometrium,oesophageal neoplasm,oropharyngeal neoplasm,alk mutation,primary thymic carcinoma,tyrp1 expression,,paragangliomas,occult adenocarcinomas,myeloid neoplasms,neoplasms of the ovary,pancreas neoplasms,en bloc parathyroidectomy,penile cancer,ductal adenocarcinoma of the prostate,cancer of the kidney,giant cell fibroblastoma,keratinizing squamous cell carcinoma of the skin,small bowel neoplasm,upper gastrointestinal tract carcinoma,non-seminomas,"carcinoma, follicular thyroid",embryonal rhabdomyosarcomas of the vagina,extramammary paget disease of the vulva,ck8
,cholangioscopy,,primary malignant bone tumors,schwannomas,lobular carcinoma,colposcopic examination,colon tumor,cancer of the uterus,oesophageal neoplasms,oropharyngeal neoplasms,iladc,thymic epithelial tumor,tyrp1,,adrenal medullary tumor,occult neoplasm,histiocytic and dendritic cell neoplasms,adnexal mass,pancreas neoplasm,radioguided parathyroidectomy,,ductal adenocarcinomas of the prostate,cancers of the kidney,giant cell fibroblastomas,merkel cell carcinoma,small bowel neoplasms,gastrointestinal cancer,embryonal carcinoma of the testis,medullary thyroid carcinomas,small cell neuroendocrine carcinoma of the vagina,paget disease of the vulva,ctnnb1
,gb polyps,,osteogenic sarcoma,schwannoma,breast biopsies,biopsy of the cervix,colon tumors,cancers of the uterus,oesophageal adenocarcinoma,hypopharyngeal cancer,cancer of the lung,thymic epithelial tumors,breslow,,adrenal medullary tumors,occult neoplasms,dendritic cell neoplasm,adnexal tumor,cancer of the pancreas,minimally invasive parathyroidectomy,,mucinous carcinoma of the prostate,kidney carcinoma,gcf,merkel cell carcinomas,small intestinal neoplasm,helicobacter pylori,embryonal carcinomas of the testis,"carcinoma, medullary thyroid",small cell neuroendocrine carcinomas of the vagina,vulvar intraepithelial neoplasias,ck5/6
,neoplastic gallbladder,,osteogenic sarcomas,glial fibrillary acidic protein,breast biopsy,cervical biopsy,rectal tumor,carcinoma of the endometrium,oesophageal adenocarcinomas,hypopharyngeal cancers,cancers of the lung,thymic neuroendocrine tumors,ugly duckling sign,,adrenal neuroendocrine tumor,unknown primary lesion,histiocytic cell neoplasm,adnexal tumors,cancers of the pancreas,neck exploration,,mucinous carcinomas of the prostate,kidney carcinomas,dermatofibrosarcoma,cutaneous neuroendocrine carcinoma,small intestinal neoplasms,cancer of the stomach,yolk sac tumor of the testis,anaplastic thyroid carcinomas,vaginal intraepithelial neoplasias,high-grade vulvar intraepithelial neoplasia,cdkn2a
,gallbladder tumor,,primitive neuroectodermal tumor,gfap,breast cancers,cone biopsy,rectal tumors,carcinoma of the uterus,adenocarcinoma of the esophagus,hypopharyngeal tumor,pulmonary cancer,thymic carcinoid,confocal reflectance microscopy,,adrenal neuroendocrine tumors,unknown primary lesions,lymphoid neoplasm,carcinoma of the ovary,pancreas carcinoma,central neck dissection,,prostatic intraepithelial neoplasia,renal cell carcinomas,dfsp,cutaneous neuroendocrine carcinomas,small bowel cancer,cancers of the stomach,yolk sac tumors of the testis,"carcinoma, anaplastic thyroid",vaginal biopsy,low-grade vulvar intraepithelial neoplasia,various tumor
,gallbladder tumors,,primitive neuroectodermal tumors,anterior fossa tumors,cancer of the breast,conization,colon neoplasm,tumor of the endometrium,adenocarcinomas of the esophagus,hypopharyngeal tumors,pulmonary cancers,thymic carcinoids,reflectance confocal microscopy,,duodenal neuroendocrine tumor,occult primary lesion,myeloma,carcinomas of the ovary,pancreas carcinomas,parafibromin,,prostatic intraepithelial neoplasias,rcc,fibrosarcoma,cutaneous adnexal carcinoma,,adenocarcinoma of the stomach,choriocarcinoma of the testis,hürthle cell carcinoma,biopsy of the vagina,vulvar biopsy,various tumors
,gallbladder malignancy,,PNET,brain cancers,cancers of the breast,leep,colon neoplasms,tumors of the endometrium,esophageal squamous cell carcinomas,hypopharyngeal neoplasm,pulmonary tumor,germ cell tumors of the mediastinum,melanoma,,duodenal neuroendocrine tumors,occult primary lesions,haematological malignancies,endometrioid ovarian carcinomas,adenocarcinoma of the pancreas,parafibromin immunohistochemistry,,pin,clear cell rcc,fibrosarcomas,cutaneous adnexal carcinomas,,adenocarcinomas of the stomach,choriocarcinomas of the testis,hurthle cell carcinoma,vaginal colposcopy,vulvar biopsies,organs-at-risk
,gallbladder malignancies,,chordomas,brain tumor,ductal carcinomas in situ,loop electrosurgical excision procedure,rectal neoplasm,neoplasm of the endometrium,oesophageal squamous cell carcinomas,hypopharyngeal neoplasms,pulmonary tumors,mediastinal germ cell tumor,,,jejunal neuroendocrine tumor,carcinoma of unknown primary,liquid tomors,serous ovarian carcinomas,adenocarcinomas of the pancreas,cdc73 mutation,,low-grade pin,papillary rcc,low-grade myofibroblastic sarcoma,appendageal carcinoma of the skin,,gastroesophageal junction cancer,testicular teratoma,hürthle cell carcinomas,colposcopy of the vagina,biopsy of the vulva,oars
,gallbladder carcinoma,,adamantinomas,brain tumors,dcis,endocervical curettage,rectal neoplasms,neoplasms of the endometrium,adenosquamous carcinoma of the esophagus,nasopharyngeal cancer,pulmonary neoplasm,mediastinal germ cell tumors,,,jejunal neuroendocrine tumors,occult cancer,leukemias,high-grade serous ovarian carcinoma,pancreatic ductal adenocarcinomas,hrpt2 mutation,,high-grade pin,chromophobe rcc,low-grade myofibroblastic sarcomas,skin biopsy,,gastroesophageal junction cancers,testicular teratomas,thyroid nodule,speculum examination,vulvectomy,multiple cancer types
,gallbladder carcinomas,,giant cell tumors of bone,brain neoplasm,lobular carcinoma in situ,high-risk hpv,adenocarcinoma of the colon,malignancy of the endometrium,small cell carcinoma of the esophagus,nasopharyngeal cancers,pulmonary neoplasms,mediastinal teratomas,,,ileal neuroendocrine tumor,occult carcinoma,lymphoma,clear cell ovarian carcinomas,acinar cell carcinoma of the pancreas,men1 mutation,,prostate biopsies,collecting duct carcinoma of the kidney,lgms,punch biopsy of the skin,,gastroesophageal junction carcinoma,mixed germ cell tumor of the testis,thyroid adenoma,pelvic examination,radical vulvectomy,various carcinoma
,gallbladder adenocarcinoma,,malignant giant cell tumor of bone,brain neoplasms,lobular carcinomas in situ,hpv16,adenocarcinoma of the rectum,malignancies of the endometrium,oesophagogastric junction cancer,nasopharyngeal tumor,adenocarcinoma of the lung,mediastinal seminomas,,,ileal neuroendocrine tumors,occult tumor,multiple myeloma,mucinous ovarian carcinomas,acinar cell carcinomas of the pancreas,hpt-jt syndrome,,needle biopsy of the prostate,bellini duct carcinoma,low-grade fibromyxoid sarcoma,excisional biopsy of a skin lesion,,gastroesophageal junction carcinomas,mixed germ cell tumors of the testis,intraductal carcinoma of the thyroid,vaginoscopy,partial vulvectomy,various carcinomas
,gallbladder adenocarcinomas,,Bone cancers,glioma,lcis,hpv18,familial adenomatous polyposis,endometrioid carcinoma,oesophagogastric junction cancers,nasopharyngeal tumors,adenocarcinomas of the lung,mediastinal yolk sac tumor,,,rectal neuroendocrine tumor,occult primary neoplasm,acute myeloid leukemia,epithelial ovarian carcinoma,adenosquamous carcinoma of the pancreas,hyperparathyroidism-jaw tumor syndrome,,transrectal ultrasound,sarcomatoid renal cell carcinoma,low-grade fibromyxoid sarcomas,shave biopsy of the skin,,adenocarcinoma of the gastroesophageal junction,leydig cell tumor,fna of the thyroid,mri of the vagina,wide local excision of the vulva,various adenocarcinoma
,gallbladder neoplasm,,,gliomas,invasive ductal carcinomas,hpv genotyping,lynch syndrome,endometrioid carcinomas,adenocarcinomas of the esophagogastric junction,nasopharyngeal neoplasm,bronchioalveolar carcinoma,mediastinal yolk sac tumors,,,rectal neuroendocrine tumors,occult primary cancer,chronic lymphocytic leukemia,granulosa cell tumors,adenosquamous carcinomas of the pancreas,jaw tumor syndrome,,radical prostatectomy,sarcomatoid rcc,rhabdomyosarcoma tumor,skin cancer,,adenocarcinomas of the gastroesophageal junction,leydig cell tumors,thyroid biopsy,vaginal cancer,vulvar cancer,various adenocarcinomas
,gallbladder neoplasms,,,astrocytoma,invasive lobular carcinomas,hpv viral load,rectum,serous endometrial carcinoma,photodynamic therapy of the esophagus,nasopharyngeal neoplasms,bronchioalveolar carcinomas,mediastinal choriocarcinoma,,,appendiceal neuroendocrine tumor,occult primary cancers,acute lymphoblastic leukemia,dysgerminomas,anaplastic carcinoma of the pancreas,parathyroid cancer,,retropubic prostatectomy,translocation renal cell carcinoma,rhabdomyosarcoma tumors,,,gastric cardia carcinoma,sertoli cell tumor,total thyroidectomy,,,various malignancy
,gallbladder neoplasia,,,glioblastoma multiforme,invasive micropapillary carcinoma,siha,sigmoid colon,serous endometrial carcinomas,esophagram,oral cancer,bronchoalveolar carcinomas,mediastinal choriocarcinomas,,,appendiceal neuroendocrine tumors,occult primary carcinoma,hodgkins lymphoma,ovarian germ cell tumors,anaplastic carcinomas of the pancreas,,,robotic prostatectomy,xp11.2 translocation rcc,leiomyosarcoma of soft tissue,,,gastric cardia carcinomas,sertoli cell tumors,subtotal thyroidectomy,,,various malignancies
,gallbladder neoplasias,,,ependymoma,invasive micropapillary carcinomas,caski,cancer of the colon,clear cell carcinoma of the endometrium,barium esophagram,oral cancers,papillary adenocarcinoma of the lung,mediastinal embryonal carcinoma,,,medullary thyroid carcinoma,occult primary carcinomas,non-hodgkins lymphoma,yolk sac tumor of the ovary,colloid carcinoma of the pancreas,,,brachytherapy of the prostate,sdh-deficient rcc,leiomyosarcoma of uterus,,,cancer of the gastric cardia,gonadoblastoma,hemithyroidectomy,,,pan-cancer
,tumor of the gallbladder,,,oligodendroglioma,inflammatory breast cancer,c33a,cancers of the colon,clear cell carcinomas of the endometrium,esophagogastroduodenoscopy,oral tumor,papillary adenocarcinomas of the lung,mediastinal embryonal carcinomas,,,medullary thyroid carcinomas,occult primary malignancy,plasma cell neoplasms,endodermal sinus tumor,colloid carcinomas of the pancreas,,,prostate-specific antigen,urothelial carcinoma of the renal pelvis,leiomyosarcoma of stomach,,,diffuse type gastric carcinoma,gonadoblastomas,radioactive iodine ablation,,,organoid growth
,tumors of the gallbladder,,,brain carcinoma,inflammatory breast cancers,me-180,cancer of the rectum,mucinous carcinoma of the endometrium,endoscopic ultrasound of the esophagus,oral tumors,lepidic predominant adenocarcinoma,mixed germ cell tumor of the mediastinum,,,somatostatin receptor scintigraphy,occult primary malignancies,plasma cell neoplasm,choriocarcinoma of the ovary,pancreas neuroendocrine tumor,,,gleason grading,renal pelvis carcinoma,leiomyosarcoma of retroperitoneum,,,diffuse type gastric carcinomas,intratubular germ cell neoplasia,ret mutation,,,segmentation of cscs
,cancer of the gallbladder,,,brain carcinomas,tubular carcinoma of the breast,cervical cancer,cancers of the rectum,mucinous carcinomas of the endometrium,esophageal endoscopic ultrasound,oral neoplasm,lepidic predominant adenocarcinomas,neurogenic tumors of the mediastinum,,,octreotide scan,occult primary neoplasm,bone marrow biopsy,ca-125,pancreas neuroendocrine tumors,,,androgen receptor splice variant,urothelial carcinoma of the kidney,liposarcoma of soft tissue,,,intestinal type gastric carcinoma,intratubular germ cell neoplasia unclassified,ret/ptc rearrangement,,,ed visit risk among patients with cancer
,cancers of the gallbladder,,,brain adenocarcinoma,tubular carcinomas of the breast,,rectal carcinomas,malignant mixed müllerian tumor,barrett's esophagus,oral neoplasms,adeno-squamous carcinoma of the lung,mediastinal neurogenic tumor,,,dotatate pet,occult primary neoplasms,myelomas,figo staging,glucagonoma,,,androgen-deprivation therapy,nephrectomy,liposarcoma of retroperitoneum,,,intestinal type gastric carcinomas,igcnu,pax8-pparg fusion,,,nci-60
,malignancy of the gallbladder,,,brain adenocarcinomas,mucinous carcinoma of the breast,,cancer of the colorectal region,malignant mixed müllerian tumors,barrett esophagus,tongue cancer,adeno-squamous carcinomas of the lung,mediastinal neurogenic tumors,,,synaptophysin,occult primary tumor,malt-lymphoma,figo stage ovarian cancer,gastrinoma,,,castration-resistant prostate cancer,partial nephrectomy,gastrointestinal stromal tumor of stomach,,,signet ring cell carcinomas,testicular intraepithelial neoplasia,american thyroid association guidelines,,,plwc
,malignancies of the gallbladder,,,brain malignancy,mucinous carcinomas of the breast,,colorectal tumors,undifferentiated carcinoma of the endometrium,barrett’s esophagus,tongue cancers,lung squamous cell carcinomas,neurilemmoma of the mediastinum,,,neuroendocrine tumors,occult primary tumors,malt lymphoma,figo stage ii ovarian cancer,insulinoma,,,androgen deprivation therapy,radical nephrectomy,gastrointestinal stromal tumor of small intestine,,,scirrhous gastric carcinoma,orchiectomies,thyroid cancer,,,tumor exomes
,carcinoma of the gallbladder,,,brain malignancies,medullary carcinoma of the breast,,colorectal neoplasms,undifferentiated carcinomas of the endometrium,barrett's oesophagus,tongue tumor,pulmonary squamous cell carcinoma,neurilemmomas of the mediastinum,,,,occult primary lesion,malt lymphomas,figo stage iii ovarian cancer,vipoma,,,castration resistant prostate cancer,laparoscopic nephrectomy,gastrointestinal stromal tumor of esophagus,,,scirrhous gastric carcinomas,radical inguinal orchiectomy,,,,vascular endothelial growth factor receptor
,carcinomas of the gallbladder,,,cerebral carcinoma,medullary carcinomas of the breast,,tumor of the colon,neuroendocrine carcinoma of the endometrium,barrett esophagus dysplasia,tongue tumors,pulmonary squamous cell carcinomas,schwannoma of the mediastinum,,,,occult primary lesions,chronic myeloid leukemia,figo stage iv ovarian cancer,intraductal papillary mucinous neoplasms,,,crpc,robotic nephrectomy,gastrointestinal stromal tumors of stomach,,,gastric neoplasm,partial orchiectomy,,,,vegfr-2
,adenocarcinoma of the gallbladder,,,cerebral carcinomas,papillary carcinoma of the breast,,tumors of the colon,neuroendocrine carcinomas of the endometrium,barrett's esophagus dysplasia,tongue neoplasm,squamous cell carcinoma of the lung,schwannomas of the mediastinum,,,,unknown primary,small lymphocytic lymphoma,transvaginal ultrasound,mucinous cystic neoplasms of the pancreas,,,sipuleucel-t,nephron-sparing surgery,gastrointestinal stromal tumors of small intestine,,,atrophic gastritis,testicular biopsy,,,,tumor angiogenic factors
,adenocarcinomas of the gallbladder,,,cerebral adenocarcinoma,papillary carcinomas of the breast,,neoplasm of the colon,endometrial hyperplasia,barrett’s esophagus dysplasia,tongue neoplasms,squamous cell carcinomas of the lung,neurofibroma of the mediastinum,,,,unknown primaries,b-cell lymphomas,pelvic ultrasound,mcn,,,du145,renal ablation,gastrointestinal stromal tumors of esophagus,,,intestinal metaplasia (gastric),testicular cancer,,,,extracellular matrix
,neoplasm of the gallbladder,,,cerebral adenocarcinomas,secretory carcinoma of the breast,,neoplasms of the colon,endometrial intraepithelial neoplasia,barrett's neoplasia,lip cancer,large cell lung carcinomas,neurofibromas of the mediastinum,,,,unknown primary cancer,t-cell lymphoma,ovarian ultrasound,solid pseudopapillary neoplasms of the pancreas,,,22rv1,radiofrequency ablation of the kidney,ewing tumor,,,gastrectomy,,,,,breast-colorectal-endometrial
,neoplasms of the gallbladder,,,cerebral malignancy,secretory carcinomas of the breast,,tumor of the rectum,endometrial biopsy,partial esophagectomy,lip cancers,large cell carcinoma of the lung,mediastinal tumors,,,,unknown primary cancers,hodgkin lymphoma,sonohysterography,pancreatobiliary-type carcinoma,,,prostate cancer,cryoablation of the kidney,ewing tumors,,,subtotal gastrectomy,,,,,more than two hd cancers of interest
,neoplasia of the gallbladder,,,cerebral malignancies,biopsy of the breast,,tumors of the rectum,biopsy of the endometrium,partial oesophagectomy,lip tumor,large cell carcinomas of the lung,,,,,unknown primary carcinoma,non-hodgkin,ovarian mri,pancreatobiliary-type carcinomas,,,,ct urography,ewing neoplasm,,,,,,,,human tumors
,neoplasias of the gallbladder,,,anaplastic astrocytoma,tomosynthesis,,neoplasm of the rectum,dilatation and curettage,transhiatal esophagectomy,lip tumors,neuroendocrine carcinoma of the lung,,,,,unknown primary carcinomas,nonhodgkin,ct scan of the pelvis,ductal carcinoma of the pancreas,,,,renal ct,ewing neoplasms,,,,,,,,multi-cancer-type
,cancer of the liver,,,medulloblastoma,digital breast tomosynthesis,,neoplasms of the rectum,hysteroscopy,transthoracic esophagectomy,lip neoplasm,neuroendocrine carcinomas of the lung,,,,,unknown primary malignancy,non hodgkin,oophorectomy,ductal carcinomas of the pancreas,,,,contrast-enhanced ct of the kidney,leiomyosarcoma tumor,,,,,,,,tumor type prediction
,cancers of the liver,,,diffuse intrinsic pontine glioma,breast us,,adenocarcinomas of the colon,hysteroscopic biopsy,ivor lewis esophagectomy,lip neoplasms,carcinoid tumor of the lung,,,,,unknown primary malignancies,myeloproliferative neoplasms,salpingo-oophorectomy,pancreatobiliary adenocarcinoma,,,,renal mri,leiomyosarcoma tumors,,,,,,,,various cancer types
,carcinoma of the liver,,,astrocytomas,ultrasonography of the breast,,adenocarcinomas of the rectum,ultrasound of the endometrium,mckeown esophagectomy,salivary gland cancer,carcinoid tumors of the lung,,,,,unknown primary neoplasm,myeloproliferative neoplasm,ovcar-3,pancreatobiliary adenocarcinomas,,,,contrast-enhanced mri of the kidney,leiomyosarcoma neoplasm,,,,,,,,pancancer
,carcinomas of the liver,,,meningioma,breast mri,,rectal adenocarcinomas,endometrial mri,radiofrequency ablation of the esophagus,salivary gland cancers,pulmonary carcinoid,,,,,unknown primary neoplasms,lymphoid neoplasms,sk-ov-3,whipple procedure,,,,renal ultrasound,leiomyosarcoma neoplasms,,,,,,,,different cancer types
,tumor of the liver,,,glioblastoma,breast biopsy,,mucinous carcinoma of the colon,sonohysterography,esophageal cancer,salivary gland tumor,pulmonary carcinoids,,,,,unknown primary tumor,lymphoid neoplasms with eosinophilia and tyrosine kinase gene fusions,caov3,pancreatectomy,,,,doppler ultrasound of the kidney,liposarcoma tumor,,,,,,,,cancer detection across multiple types
,tumors of the liver,,,cerebellum cancer,ihc of the breast,,mucinous carcinomas of the colon,endometrial cancer,,salivary gland tumors,lung nodules,,,,,unknown primary tumors,myeloid neoplasms with eosinophilia and tyrosine kinase gene fusions,ovarian cancer,distal pancreatectomy,,,,vhl mutation,liposarcoma tumors,,,,,,,,broad cancer diagnostic model
,neoplasm of the liver,,,cerebellum cancers,er-positive,,mucinous carcinoma of the rectum,,,salivary gland neoplasm,pulmonary biopsy,,,,,unknown primary lesion,hairy cell leukemia,,total pancreatectomy,,,,von hippel-lindau mutation,liposarcoma neoplasm,,,,,,,,pan cancer
,neoplasms of the liver,,,cerebellum tumor,pr-positive,,mucinous carcinomas of the rectum,,,salivary gland neoplasms,bronchoscopies,,,,,unknown primary lesions,waldenström macroglobulinemia,,smad4 loss,,,,von hippel lindau mutation,liposarcoma neoplasms,,,,,,,,multi-cancer detection
,malignancy of the liver,,,cerebellum tumors,ki-67 index,,signet ring cell carcinoma of the colon,,,sinus cancer,video bronchoscopy,,,,,cancer of unknown primary,waldenstrom macroglobulinemia,,pancreatic cancer,,,,pbrm1 mutation,epithelioid sarcoma tumor,,,,,,,,tumor agnostic
,malignancies of the liver,,,cerebellum neoplasm,t47d,,signet ring cell carcinomas of the colon,,,sinus cancers,endobronchial ultrasound,,,,,cancers of unknown primary,waldenstrom,,,,,,bap1 mutation,epithelioid sarcoma tumors,,,,,,,,common cancer markers
,hepatic tumor,,,cerebellum neoplasms,mda-mb-231,,signet ring cell carcinoma of the rectum,,,sinus tumor,ebus,,,,,carcinoma of unknown primary,waldenström,,,,,,met amplification,epithelioid sarcoma neoplasm,,,,,,,,ai model for cancer diagnosis
,hepatic tumors,,,corpus callosum cancer,radiomics,,signet ring cell carcinomas of the rectum,,,sinus tumors,transthoracic needle biopsy,,,,,carcinomas of unknown primary,lymphoplasmacytic lymphoma,,,,,,vegf expression,epithelioid sarcoma neoplasms,,,,,,,,deep learning for various cancer detection
,hepatic neoplasm,,,corpus callosum cancers,radiomic features,,serrated adenocarcinoma of the colon,,,sinus neoplasm,ttnb,,,,,malignancy of unknown primary,systemic light chain amyloidosis,,,,,,786-o,giant cell fibroblastoma tumor,,,,,,,,various cancers
,hepatic neoplasms,,,corpus callosum tumor,machine learning breast,,serrated adenocarcinomas of the colon,,,sinus neoplasms,transbronchial lung biopsy,,,,,malignancies of unknown primary,castleman disease,,,,,,caki-1,giant cell fibroblastoma tumors,,,,,,,,various atll cancer
,Bile duct carcinoma,,,corpus callosum tumors,deep learning breast,,medullary carcinoma of the colon,,,maxillary sinus cancer,tblb,,,,,neoplasm of unknown primary,histiocytic neoplasms,,,,,,achn,giant cell fibroblastoma neoplasm,,,,,,,,tcga
,cholangiocarcinomas,,,corpus callosum neoplasm,cnn breast,,medullary carcinomas of the colon,,,maxillary sinus cancers,lung cancer,,,,,neoplasms of unknown primary,histiocytic neoplasm,,,,,,a498,giant cell fibroblastoma neoplasms,,,,,,,,pancancer analysis
,intrahepatic cholangiocarcinomas,,,corpus callosum neoplasms,convolutional neural network breast,,colorectal liver metastasis,,,maxillary sinus tumor,,,,,,tumor of unknown primary,systemic mastocytosis,,,,,,rcc4,dermatofibrosarcoma tumor,,,,,,,,multi cancer
,extrahepatic cholangiocarcinoma,,,pituitary cancer,transfer learning breast,,liver metastases from colorectal cancer,,,maxillary sinus tumors,,,,,,tumors of unknown primary,oncohematologic tumors,,,,,,kidney cancer,dermatofibrosarcoma tumors,,,,,,,,multi cancer type
,extrahepatic cholangiocarcinomas,,,pituitary cancers,svm breast,,colorectal peritoneal metastasis,,,maxillary sinus neoplasm,,,,,,lesion of unknown primary,lymphoid tumors,,,,,,,dermatofibrosarcoma neoplasm,,,,,,,,multiple types of cancer
,perihilar cholangiocarcinoma,,,pituitary tumor,breast cancer,,colorectal peritoneal metastases,,,maxillary sinus neoplasms,,,,,,lesions of unknown primary,oncohematologic malignancy,,,,,,,dermatofibrosarcoma neoplasms,,,,,,,,tumor-type prediction
,perihilar cholangiocarcinomas,,,pituitary tumors,ki-67,,metastatic colorectal cancer,,,larynx cancer,,,,,,cancer of unknown origin,hematologic neoplasm,,,,,,,dfsp tumor,,,,,,,,tumor-agnostic
,bile duct carcinomas,,,pituitary neoplasm,ki67,,metastatic colon cancer,,,nasopharyngeal carcinoma,,,,,,carcinoma of unknown origin,liquid tumor,,,,,,,dfsp tumors,,,,,,,,deep learning for multi-cancer detection
,carcinoma of the bile duct,,,pituitary neoplasms,ki 67,,mcrc,,,nasopharynx,,,,,,neoplasm of unknown origin,liquid tumors,,,,,,,dfsp neoplasm,,,,,,,,more than two cancer types
,carcinomas of the bile duct,,,hypothalamus cancer,,,mismatch repair deficiency,,,head and neck carcinomas,,,,,,tumor of unknown origin,acute myeloid leukemias,,,,,,,dfsp neoplasms,,,,,,,,variant allele frequency
,cancer of the bile duct,,,hypothalamus cancers,,,dmmr,,,oral carcinoma,,,,,,cancer of unknown primary site,acute myelogenous leukemia,,,,,,,fibrosarcoma tumor,,,,,,,,cell line model
,cancers of the bile duct,,,hypothalamus tumor,,,fap,,,oral carcinomas,,,,,,cancers of unknown primary site,acute myelogenous leukemias,,,,,,,fibrosarcoma tumors,,,,,,,,cell lines models
,neoplasm of the bile duct,,,hypothalamus tumors,,,hnpcc,,,oral squamous cell carcinomas,,,,,,carcinoma of unknown primary site,acute lymphoblastic leukemias,,,,,,,fibrosarcoma neoplasm,,,,,,,,cancer cell models
,neoplasms of the bile duct,,,hypothalamus neoplasm,,,colonoscopy,,,tongue carcinoma,,,,,,neoplasm of unknown primary site,acute lymphocytic leukemia,,,,,,,fibrosarcoma neoplasms,,,,,,,,organoid culture
,biliary tract carcinoma,,,hypothalamus neoplasms,,,colonoscopic biopsy,,,tongue carcinomas,,,,,,tumor of unknown primary site,acute lymphocytic leukemias,,,,,,,low-grade myofibroblastic sarcoma tumor,,,,,,,,tumor exome
,biliary tract carcinomas,,,brainstem cancer,,,colonoscopic,,,lip carcinoma,,,,,,cup syndrome,chronic myeloid leukemias,,,,,,,low-grade myofibroblastic sarcoma tumors,,,,,,,,various cancers
,carcinoma of the biliary tract,,,brainstem cancers,,,flexible sigmoidoscopy,,,lip carcinomas,,,,,,metastatic carcinoma of unknown primary,bcr-abl positive leukemia,,,,,,,low-grade myofibroblastic sarcoma neoplasm,,,,,,,,
,carcinomas of the biliary tract,,,brainstem tumor,,,fecal occult blood test,,,oropharyngeal carcinoma,,,,,,metastatic cancer of unknown primary,chronic lymphocytic leukemias,,,,,,,low-grade myofibroblastic sarcoma neoplasms,,,,,,,,
,cancer of the biliary tract,,,brainstem tumors,,,fobt,,,oropharyngeal carcinomas,,,,,,metastatic neoplasm of unknown primary,hodgkin’s lymphoma,,,,,,,rhabdomyosarcoma of soft tissue,,,,,,,,
,cancers of the biliary tract,,,brainstem neoplasm,,,fecal immunochemical test,,,oropharyngeal squamous cell carcinomas,,,,,,metastatic tumor of unknown primary,hodgkin lymphoma nos,,,,,,,rhabdomyosarcoma of muscles,,,,,,,,
,neoplasm of the biliary tract,,,brainstem neoplasms,,,fit,,,hypopharyngeal carcinoma,,,,,,metastatic carcinoma of unknown origin,non-hodgkin lymphoma,,,,,,,rhabdomyosarcoma of connective tissue,,,,,,,,
,neoplasms of the biliary tract,,,medulla oblongata cancer,,,ct colonography,,,hypopharyngeal carcinomas,,,,,,metastatic cancer of unknown origin,non-hodgkin’s lymphoma,,,,,,,rhabdomyosarcoma neoplasm,,,,,,,,
,ampullary carcinoma,,,medulla oblongata cancers,,,virtual colonoscopy,,,hypopharyngeal squamous cell carcinoma,,,,,,metastatic neoplasm of unknown origin,b-cell lymphoma,,,,,,,rhabdomyosarcoma neoplasms,,,,,,,,
,ampullary carcinomas,,,medulla oblongata tumor,,,carcinoembryonic antigen,,,hypopharyngeal squamous cell carcinomas,,,,,,metastatic tumor of unknown origin,diffuse large b-cell lymphoma,,,,,,,uterine sarcoma,,,,,,,,
,adenocarcinoma of the ampulla,,,medulla oblongata tumors,,,cea,,,nasopharyngeal carcinomas,,,,,,adenocarcinoma of unknown primary,follicular lymphoma,,,,,,,uterine sarcomas,,,,,,,,
,adenocarcinomas of the ampulla,,,medulla oblongata neoplasm,,,rectal swab,,,laryngeal carcinoma,,,,,,adenocarcinomas of unknown primary,mantle cell lymphoma,,,,,,,endometrial stromal sarcoma,,,,,,,,
,adenocarcinoma of the ampulla of Vater,,,medulla oblongata neoplasms,,,caco-2,,,laryngeal carcinomas,,,,,,occult primary adenocarcinoma,burkitt’s lymphoma,,,,,,,synovial sarcoma,,,,,,,,
,adenocarcinomas of the ampulla of Vater,,,cerebral cancer,,,ht29,,,laryngeal squamous cell carcinomas,,,,,,occult primary adenocarcinomas,marginal zone lymphoma,,,,,,,chondrosarcoma,,,,,,,,
,carcinoma of the ampulla,,,cerebral cancers,,,hct116,,,salivary gland carcinoma,,,,,,squamous cell carcinoma of unknown primary,extranodal marginal zone lymphoma,,,,,,,mesenchymal neoplasm,,,,,,,,
,carcinomas of the ampulla,,,cerebral tumor,,,sw480,,,salivary gland carcinomas,,,,,,squamous cell carcinomas of unknown primary,t-cell lymphomas,,,,,,,ewing's sarcoma,,,,,,,,
,carcinoma of the ampulla of Vater,,,cerebral tumors,,,lovo,,,sinonasal cancer,,,,,,occult primary squamous cell carcinoma,peripheral t-cell lymphoma,,,,,,,primitive neuroectodermal tumor,,,,,,,,
,carcinomas of the ampulla of Vater,,,cerebral neoplasm,,,colorectal cancer,,,sinonasal cancers,,,,,,occult primary squamous cell carcinomas,anaplastic large cell lymphoma,,,,,,,primitive neuroectodermal tumors,,,,,,,,
,cancer of the ampulla of Vater,,,cerebral neoplasms,,,,,,sinonasal carcinoma,,,,,,neuroendocrine carcinoma of unknown primary,polycythemia vera,,,,,,,pnet,,,,,,,,
,cancers of the ampulla of Vater,,,primary brain tumor,,,,,,sinonasal carcinomas,,,,,,neuroendocrine carcinomas of unknown primary,essential thrombocythemia,,,,,,,embryonal rhabdomyosarcoma,,,,,,,,
,Hepato-biliary cancers,,,primary brain tumors,,,,,,sinonasal tumor,,,,,,poorly differentiated carcinoma of unknown primary,primary myelofibrosis,,,,,,,alveolar rhabdomyosarcoma,,,,,,,,
,,,,intracranial tumor,,,,,,sinonasal tumors,,,,,,poorly differentiated carcinomas of unknown primary,multiple myelomas,,,,,,,pleomorphic rhabdomyosarcoma,,,,,,,,
,,,,intracranial tumors,,,,,,sinonasal neoplasm,,,,,,,solitary plasmacytoma,,,,,,,synovial sarcomas,,,,,,,,
,,,,intracranial neoplasm,,,,,,sinonasal neoplasms,,,,,,,light chain amyloidosis,,,,,,,malignant peripheral nerve sheath tumor,,,,,,,,
,,,,intracranial neoplasms,,,,,,maxillary sinus carcinoma,,,,,,,dendritic cell neoplasms,,,,,,,malignant peripheral nerve sheath tumors,,,,,,,,
,,,,intracranial cancer,,,,,,maxillary sinus carcinomas,,,,,,,hemophagocytic lymphohistiocytosis,,,,,,,mpnst,,,,,,,,
,,,,intracranial cancers,,,,,,nasal cavity carcinoma,,,,,,,bone marrow biopsies,,,,,,,alveolar soft part sarcoma,,,,,,,,
,,,,central nervous system tumor,,,,,,nasal cavity carcinomas,,,,,,,autologous stem cell transplant,,,,,,,alveolar soft part sarcomas,,,,,,,,
,,,,central nervous system tumors,,,,,,head and neck cancer,,,,,,,allogeneic stem cell transplant,,,,,,,clear cell sarcoma,,,,,,,,
,,,,central nervous system neoplasm,,,,,,,,,,,,,oncohematologic malignancies,,,,,,,clear cell sarcomas,,,,,,,,
,,,,central nervous system neoplasms,,,,,,,,,,,,,,,,,,,,angiosarcoma,,,,,,,,
,,,,CNS tumor,,,,,,,,,,,,,,,,,,,,angiosarcomas,,,,,,,,
,,,,CNS tumors,,,,,,,,,,,,,,,,,,,,undifferentiated pleomorphic sarcoma,,,,,,,,
,,,,CNS neoplasm,,,,,,,,,,,,,,,,,,,,undifferentiated pleomorphic sarcomas,,,,,,,,
,,,,CNS neoplasms,,,,,,,,,,,,,,,,,,,,malignant fibrous histiocytoma,,,,,,,,
,,,,anaplastic astrocytomas,,,,,,,,,,,,,,,,,,,,malignant fibrous histiocytomas,,,,,,,,
,,,,glioblastomas,,,,,,,,,,,,,,,,,,,,aggressive fibromatosis,,,,,,,,
,,,,oligodendrogliomas,,,,,,,,,,,,,,,,,,,,soft tissue tumors,,,,,,,,
,,,,ependymomas,,,,,,,,,,,,,,,,,,,,,,,,,,,,
,,,,medulloblastomas,,,,,,,,,,,,,,,,,,,,,,,,,,,,
,,,,primitive neuroectodermal tumor,,,,,,,,,,,,,,,,,,,,,,,,,,,,
,,,,primitive neuroectodermal tumors,,,,,,,,,,,,,,,,,,,,,,,,,,,,
,,,,PNET,,,,,,,,,,,,,,,,,,,,,,,,,,,,
,,,,diffuse intrinsic pontine gliomas,,,,,,,,,,,,,,,,,,,,,,,,,,,,
,,,,meningiomas,,,,,,,,,,,,,,,,,,,,,,,,,,,,
,,,,malignant meningioma,,,,,,,,,,,,,,,,,,,,,,,,,,,,
,,,,malignant meningiomas,,,,,,,,,,,,,,,,,,,,,,,,,,,,
,,,,posterior fossa tumor,,,,,,,,,,,,,,,,,,,,,,,,,,,,
,,,,anterior fossa tumor,,,,,,,,,,,,,,,,,,,,,,,,,,,,
,,,,cerebellar tumor,,,,,,,,,,,,,,,,,,,,,,,,,,,,
,,,,cerebellar tumors,,,,,,,,,,,,,,,,,,,,,,,,,,,,
,,,,cerebellar neoplasm,,,,,,,,,,,,,,,,,,,,,,,,,,,,
,,,,cerebellar neoplasms,,,,,,,,,,,,,,,,,,,,,,,,,,,,
,,,,cerebellar cancer,,,,,,,,,,,,,,,,,,,,,,,,,,,,
,,,,cerebellar cancers,,,,,,,,,,,,,,,,,,,,,,,,,,,,
,,,,pituitary carcinoma,,,,,,,,,,,,,,,,,,,,,,,,,,,,
,,,,pituitary carcinomas,,,,,,,,,,,,,,,,,,,,,,,,,,,,